anio_tri,anio,trimestre,provincia,accesos por cada 100 hogares,variacion de los accesos por cada 100 hogares
20141,2014,1,Tucumán,33.42,0.0
20141,2014,1,Buenos Aires,54.57,0.0
20141,2014,1,Capital Federal,112.25,0.0
20141,2014,1,Catamarca,24.25,0.0
20141,2014,1,Chaco,20.72,0.0
20141,2014,1,Chubut,41.24,0.0
20141,2014,1,Córdoba,52.52,0.0
20141,2014,1,Corrientes,22.32,0.0
20141,2014,1,Entre Ríos,34.37,0.0
20141,2014,1,Formosa,17.42,0.0
20141,2014,1,Jujuy,18.42,0.0
20141,2014,1,La Pampa,48.43,0.0
20141,2014,1,Tierra Del Fuego,63.97,0.0
20141,2014,1,Mendoza,31.91,0.0
20141,2014,1,Santiago Del Estero,16.31,0.0
20141,2014,1,Santa Fe,47.85,0.0
20141,2014,1,Santa Cruz,28.94,0.0
20141,2014,1,San Luis,9.35,0.0
20141,2014,1,La Rioja,16.29,0.0
20141,2014,1,Salta,28.7,0.0
20141,2014,1,Río Negro,44.91,0.0
20141,2014,1,Neuquén,49.79,0.0
20141,2014,1,Misiones,23.14,0.0
20141,2014,1,San Juan,27.6,0.0
20142,2014,2,Jujuy,18.71,0.01574375678610207
20142,2014,2,Buenos Aires,55.06,0.008979292651640103
20142,2014,2,Capital Federal,113.14,0.007928730512249516
20142,2014,2,Catamarca,24.7,0.01855670103092777
20142,2014,2,Chaco,20.96,0.011583011583011782
20142,2014,2,Chubut,41.41,0.0041222114451986425
20142,2014,2,Córdoba,53.45,0.017707539984767706
20142,2014,2,Corrientes,22.58,0.011648745519713177
20142,2014,2,Entre Ríos,34.69,0.00931044515565893
20142,2014,2,Formosa,17.54,0.006888633754305262
20142,2014,2,La Pampa,49.71,0.026429898823043585
20142,2014,2,La Rioja,16.5,0.012891344383057168
20142,2014,2,Mendoza,32.1,0.005954246317768863
20142,2014,2,Tierra Del Fuego,64.36,0.006096607784899177
20142,2014,2,Santiago Del Estero,16.7,0.02391171060698971
20142,2014,2,Santa Fe,48.39,0.011285266457680132
20142,2014,2,Santa Cruz,29.38,0.01520387007601931
20142,2014,2,San Luis,9.72,0.039572192513369187
20142,2014,2,Tucumán,33.94,0.015559545182525225
20142,2014,2,Salta,28.91,0.007317073170731714
20142,2014,2,Río Negro,45.33,0.009352037408149716
20142,2014,2,Neuquén,50.84,0.0210885720024101
20142,2014,2,Misiones,23.37,0.009939498703543714
20142,2014,2,San Juan,27.78,0.006521739130434856
20143,2014,3,Jujuy,18.37,-0.018172100481026132
20143,2014,3,Buenos Aires,56.75,0.030693788594260862
20143,2014,3,Capital Federal,113.8,0.005833480643450573
20143,2014,3,Catamarca,24.71,0.00040485829959524544
20143,2014,3,Chaco,21.11,0.007156488549618256
20143,2014,3,Chubut,40.6,-0.019560492634629223
20143,2014,3,Córdoba,54.23,0.014593077642656604
20143,2014,3,Corrientes,22.79,0.009300265721877699
20143,2014,3,Entre Ríos,34.98,0.00835975785528964
20143,2014,3,Formosa,17.77,0.013112884834663552
20143,2014,3,La Pampa,55.78,0.12210822772078056
20143,2014,3,La Rioja,16.51,0.000606060606060721
20143,2014,3,Mendoza,32.31,0.006542056074766434
20143,2014,3,Tierra Del Fuego,65.69,0.020665009322560657
20143,2014,3,Santiago Del Estero,16.49,-0.012574850299401197
20143,2014,3,Santa Fe,49.2,0.01673899566026038
20143,2014,3,Santa Cruz,28.23,-0.0391422736555479
20143,2014,3,San Luis,9.71,-0.0010288065843621075
20143,2014,3,Tucumán,33.94,0.0
20143,2014,3,Salta,29.22,0.010722933241092969
20143,2014,3,Río Negro,46.2,0.019192587690271434
20143,2014,3,Neuquén,56.4,0.1093627065302909
20143,2014,3,Misiones,23.57,0.008557980316645342
20143,2014,3,San Juan,27.85,0.002519798416126706
20144,2014,4,Jujuy,19.6,0.06695699510070763
20144,2014,4,Buenos Aires,56.09,-0.01162995594713645
20144,2014,4,Capital Federal,114.9,0.009666080843585334
20144,2014,4,Catamarca,25.51,0.032375556454876664
20144,2014,4,Chaco,21.87,0.03600189483657035
20144,2014,4,Chubut,40.25,-0.008620689655172487
20144,2014,4,Córdoba,54.7,0.008666789599852676
20144,2014,4,Corrientes,23.56,0.03378674857393582
20144,2014,4,Entre Ríos,36.03,0.030017152658662116
20144,2014,4,Formosa,17.96,0.010692177827799743
20144,2014,4,La Pampa,51.27,-0.08085335245607739
20144,2014,4,La Rioja,17.01,0.03028467595396722
20144,2014,4,Mendoza,32.64,0.01021355617455888
20144,2014,4,Tierra Del Fuego,66.14,0.006850357740904256
20144,2014,4,Santiago Del Estero,17.27,0.047301394784718065
20144,2014,4,Santa Fe,50.0,0.016260162601625883
20144,2014,4,Santa Cruz,27.8,-0.0152320226709175
20144,2014,4,San Luis,9.79,0.008238928939237722
20144,2014,4,Tucumán,35.32,0.040659988214496234
20144,2014,4,Salta,29.53,0.010609171800136874
20144,2014,4,Río Negro,45.48,-0.0155844155844157
20144,2014,4,Neuquén,52.55,-0.06826241134751776
20144,2014,4,Misiones,24.16,0.025031820110309688
20144,2014,4,San Juan,28.04,0.006822262118491906
20151,2015,1,Jujuy,19.69,0.004591836734693766
20151,2015,1,Buenos Aires,56.37,0.004991977179532814
20151,2015,1,Capital Federal,114.9,0.0
20151,2015,1,Catamarca,25.11,-0.01568012544100361
20151,2015,1,Chaco,26.65,0.2185642432556012
20151,2015,1,Chubut,37.61,-0.0655900621118013
20151,2015,1,Córdoba,54.7,0.0
20151,2015,1,Corrientes,28.95,0.22877758913412571
20151,2015,1,Entre Ríos,42.07,0.1676380793782959
20151,2015,1,Formosa,18.12,0.008908685968819663
20151,2015,1,La Pampa,55.51,0.08269943436707616
20151,2015,1,La Rioja,16.7,-0.018224573780129427
20151,2015,1,Mendoza,32.37,-0.008272058823529549
20151,2015,1,Tierra Del Fuego,74.23,0.12231629876020578
20151,2015,1,Santiago Del Estero,17.06,-0.012159814707585426
20151,2015,1,Santa Fe,50.24,0.0048000000000001375
20151,2015,1,Santa Cruz,27.99,0.006834532374100588
20151,2015,1,San Luis,9.72,-0.007150153217568844
20151,2015,1,Tucumán,35.08,-0.006795016987542479
20151,2015,1,Salta,30.01,0.01625465628174738
20151,2015,1,Río Negro,45.33,-0.0032981530343008103
20151,2015,1,Neuquén,51.95,-0.011417697431017948
20151,2015,1,Misiones,26.31,0.08899006622516548
20151,2015,1,San Juan,27.55,-0.01747503566333808
20152,2015,2,Jujuy,20.29,0.030472320975114098
20152,2015,2,Buenos Aires,56.8,0.007628171012950213
20152,2015,2,Capital Federal,116.07,0.010182767624020705
20152,2015,2,Catamarca,25.45,0.013540422142572783
20152,2015,2,Chaco,27.46,0.03039399624765493
20152,2015,2,Chubut,36.58,-0.027386333421962283
20152,2015,2,Córdoba,55.87,0.021389396709323494
20152,2015,2,Corrientes,29.58,0.021761658031087983
20152,2015,2,Entre Ríos,42.93,0.020442120275731
20152,2015,2,Formosa,18.36,0.013245033112582627
20152,2015,2,La Pampa,56.71,0.02161772653575933
20152,2015,2,La Rioja,16.88,0.010778443113772518
20152,2015,2,Mendoza,32.49,0.003707136237256936
20152,2015,2,Tierra Del Fuego,74.51,0.003772059814091344
20152,2015,2,Santiago Del Estero,17.11,0.0029308323563892458
20152,2015,2,Santa Fe,51.18,0.018710191082802474
20152,2015,2,Santa Cruz,27.07,-0.032868881743479794
20152,2015,2,San Luis,9.71,-0.0010288065843621075
20152,2015,2,Tucumán,35.69,0.017388825541619246
20152,2015,2,Salta,30.46,0.01499500166611134
20152,2015,2,Río Negro,45.98,0.014339289653650944
20152,2015,2,Neuquén,53.12,0.022521655437921062
20152,2015,2,Misiones,27.35,0.039528696313189116
20152,2015,2,San Juan,27.64,0.0032667876588021727
20153,2015,3,Jujuy,21.27,0.04829965500246436
20153,2015,3,Buenos Aires,57.69,0.01566901408450705
20153,2015,3,Capital Federal,118.29,0.019126389247867692
20153,2015,3,Catamarca,25.86,0.016110019646365492
20153,2015,3,Chaco,27.96,0.018208302986161717
20153,2015,3,Chubut,36.81,0.006287588846364267
20153,2015,3,Córdoba,57.08,0.02165741900841245
20153,2015,3,Corrientes,30.17,0.019945909398242145
20153,2015,3,Entre Ríos,43.68,0.01747030048916831
20153,2015,3,Formosa,18.84,0.026143790849673332
20153,2015,3,La Pampa,57.96,0.022041967906894833
20153,2015,3,La Rioja,17.15,0.015995260663506983
20153,2015,3,Mendoza,32.49,0.0
20153,2015,3,Tierra Del Fuego,74.86,0.004697356059589319
20153,2015,3,Santiago Del Estero,17.12,0.0005844535359440517
20153,2015,3,Santa Fe,52.15,0.018952715904650308
20153,2015,3,Santa Cruz,27.61,0.019948282231252223
20153,2015,3,San Luis,9.71,0.0
20153,2015,3,Tucumán,36.61,0.02577752871952943
20153,2015,3,Salta,31.18,0.023637557452396596
20153,2015,3,Río Negro,46.39,0.008916920400174
20153,2015,3,Neuquén,54.6,0.027861445783132543
20153,2015,3,Misiones,28.31,0.03510054844606936
20153,2015,3,San Juan,27.67,0.0010853835021709113
20154,2015,4,Jujuy,21.47,0.009402914903620108
20154,2015,4,Buenos Aires,58.29,0.010400416016640657
20154,2015,4,Capital Federal,118.13,-0.0013526079972948635
20154,2015,4,Catamarca,26.24,0.014694508894044889
20154,2015,4,Chaco,28.35,0.013948497854077369
20154,2015,4,Chubut,36.89,0.0021733224667208617
20154,2015,4,Córdoba,57.36,0.004905395935529189
20154,2015,4,Corrientes,30.34,0.005634736493205006
20154,2015,4,Entre Ríos,44.11,0.00984432234432231
20154,2015,4,Formosa,19.07,0.01220806794055207
20154,2015,4,La Pampa,58.76,0.013802622498274575
20154,2015,4,La Rioja,17.32,0.009912536443148712
20154,2015,4,Mendoza,32.49,0.0
20154,2015,4,Tierra Del Fuego,66.46,-0.11220945765428814
20154,2015,4,Santiago Del Estero,17.0,-0.007009345794392607
20154,2015,4,Santa Fe,52.61,0.008820709491850431
20154,2015,4,Santa Cruz,27.74,0.004708438971387174
20154,2015,4,San Luis,9.71,0.0
20154,2015,4,Tucumán,37.06,0.0122917235727944
20154,2015,4,Salta,31.59,0.013149454778704328
20154,2015,4,Río Negro,46.44,0.001077818495365257
20154,2015,4,Neuquén,58.29,0.06758241758241756
20154,2015,4,Misiones,28.69,0.01342281879194629
20154,2015,4,San Juan,27.66,-0.0003614022406939199
20161,2016,1,La Pampa,57.84,-0.015656909462219093
20161,2016,1,Buenos Aires,57.34,-0.016297821238634325
20161,2016,1,Capital Federal,115.16,-0.025141792939981422
20161,2016,1,Catamarca,25.91,-0.012576219512195008
20161,2016,1,Chaco,28.08,-0.009523809523809601
20161,2016,1,Chubut,36.09,-0.021686093792355532
20161,2016,1,Corrientes,30.08,-0.00856954515491104
20161,2016,1,Entre Ríos,43.85,-0.005894355021537012
20161,2016,1,Formosa,19.04,-0.0015731515469323831
20161,2016,1,Jujuy,21.41,-0.0027945971122496083
20161,2016,1,La Rioja,16.83,-0.028290993071593662
20161,2016,1,Córdoba,55.28,-0.036262203626220346
20161,2016,1,Misiones,28.37,-0.011153712094806534
20161,2016,1,Neuquén,55.75,-0.04357522731171726
20161,2016,1,Río Negro,45.84,-0.012919896640826711
20161,2016,1,Salta,31.32,-0.008547008547008517
20161,2016,1,San Juan,27.33,-0.011930585683297301
20161,2016,1,Mendoza,32.12,-0.011388119421360532
20161,2016,1,San Luis,9.59,-0.012358393408856916
20161,2016,1,Santa Cruz,26.87,-0.03136265320836329
20161,2016,1,Santa Fe,51.28,-0.025280364949629264
20161,2016,1,Santiago Del Estero,16.21,-0.04647058823529404
20161,2016,1,Tierra Del Fuego,65.83,-0.009479386096900355
20161,2016,1,Tucumán,36.72,-0.00917431192660556
20162,2016,2,Formosa,19.37,0.017331932773109404
20162,2016,2,Entre Ríos,44.74,0.02029646522234896
20162,2016,2,Corrientes,30.58,0.0166223404255319
20162,2016,2,Córdoba,57.55,0.04106367583212722
20162,2016,2,Buenos Aires,59.34,0.03487966515521457
20162,2016,2,Chaco,28.59,0.01816239316239332
20162,2016,2,Catamarca,26.07,0.006175221922037899
20162,2016,2,Capital Federal,120.04,0.04237582493921499
20162,2016,2,Jujuy,21.89,0.022419430172816446
20162,2016,2,Chubut,36.12,0.0008312551953448821
20162,2016,2,La Pampa,60.44,0.04495159059474396
20162,2016,2,Tierra Del Fuego,67.72,0.02871031444630101
20162,2016,2,Mendoza,32.13,0.0003113325031134373
20162,2016,2,Tucumán,37.24,0.014161220043573008
20162,2016,2,Santiago Del Estero,15.89,-0.019740900678593465
20162,2016,2,Santa Fe,52.44,0.02262090483619339
20162,2016,2,Santa Cruz,26.73,-0.005210271678451783
20162,2016,2,San Luis,9.6,0.0010427528675702735
20162,2016,2,La Rioja,16.88,0.002970885323826611
20162,2016,2,Salta,32.08,0.024265644955300036
20162,2016,2,Río Negro,46.24,0.008726003490401313
20162,2016,2,Neuquén,59.1,0.06008968609865484
20162,2016,2,Misiones,29.24,0.030666196686640834
20162,2016,2,San Juan,27.34,0.00036589828027810967
20163,2016,3,Buenos Aires,60.14,0.013481631277384443
20163,2016,3,Capital Federal,120.77,0.006081306231256134
20163,2016,3,Catamarca,26.48,0.015726889144610734
20163,2016,3,Chaco,28.91,0.011192724728926295
20163,2016,3,Chubut,36.18,0.0016611295681063787
20163,2016,3,Córdoba,58.24,0.011989574283232107
20163,2016,3,Corrientes,31.07,0.01602354480052326
20163,2016,3,Entre Ríos,45.44,0.015645954403218587
20163,2016,3,Jujuy,22.61,0.032891731384193656
20163,2016,3,La Pampa,61.73,0.021343481138319076
20163,2016,3,La Rioja,17.07,0.011255924170616272
20163,2016,3,Formosa,18.64,-0.037687145069695394
20163,2016,3,Misiones,29.91,0.02291381668946646
20163,2016,3,Tucumán,37.9,0.01772287862513422
20163,2016,3,Mendoza,32.09,-0.0012449424214129312
20163,2016,3,Santiago Del Estero,15.33,-0.03524229074889873
20163,2016,3,Santa Fe,52.67,0.004385964912280826
20163,2016,3,Santa Cruz,26.84,0.00411522633744843
20163,2016,3,Tierra Del Fuego,68.94,0.01801535735380977
20163,2016,3,San Juan,27.32,-0.000731528895391298
20163,2016,3,Salta,32.96,0.02743142144638422
20163,2016,3,Río Negro,46.39,0.0032439446366780977
20163,2016,3,Neuquén,60.21,0.01878172588832494
20163,2016,3,San Luis,9.63,0.0031250000000000444
20164,2016,4,Jujuy,22.65,0.0017691287041132764
20164,2016,4,Buenos Aires,61.24,0.018290655138011314
20164,2016,4,Capital Federal,120.63,-0.0011592282851701219
20164,2016,4,Catamarca,26.54,0.0022658610271901747
20164,2016,4,Chaco,28.79,-0.0041508128675199485
20164,2016,4,Chubut,36.07,-0.003040353786622374
20164,2016,4,Córdoba,57.7,-0.009271978021977989
20164,2016,4,Corrientes,30.98,-0.0028966849050531263
20164,2016,4,Entre Ríos,45.21,-0.005061619718309762
20164,2016,4,La Pampa,63.02,0.020897456666126857
20164,2016,4,Formosa,19.85,0.06491416309012887
20164,2016,4,La Rioja,16.46,-0.03573520796719387
20164,2016,4,Tierra Del Fuego,70.31,0.019872352770525126
20164,2016,4,Santiago Del Estero,15.07,-0.016960208741030658
20164,2016,4,Santa Fe,52.19,-0.009113347256502813
20164,2016,4,Santa Cruz,27.05,0.007824143070044753
20164,2016,4,San Luis,9.64,0.0010384215991692258
20164,2016,4,Tucumán,37.98,0.0021108179419524475
20164,2016,4,Salta,32.69,-0.0081917475728156
20164,2016,4,San Juan,27.29,-0.001098096632503709
20164,2016,4,Misiones,29.72,-0.006352390504847927
20164,2016,4,Mendoza,32.11,0.000623247117481851
20164,2016,4,Río Negro,46.39,0.0
20164,2016,4,Neuquén,60.87,0.010961634280019839
20171,2017,1,La Pampa,62.67,-0.005553792446842287
20171,2017,1,Buenos Aires,58.57,-0.04359895493141741
20171,2017,1,Capital Federal,108.37,-0.10163309292879041
20171,2017,1,Catamarca,25.66,-0.033157498116051176
20171,2017,1,Chubut,35.66,-0.011366786803437834
20171,2017,1,Córdoba,57.65,-0.0008665511265165682
20171,2017,1,Corrientes,30.94,-0.0012911555842478606
20171,2017,1,Entre Ríos,44.91,-0.006635700066357053
20171,2017,1,Formosa,19.84,-0.0005037783375315685
20171,2017,1,Jujuy,22.76,0.004856512141280467
20171,2017,1,Chaco,28.62,-0.005904828065300349
20171,2017,1,Mendoza,31.84,-0.008408595453129886
20171,2017,1,Misiones,29.52,-0.006729475100942128
20171,2017,1,Neuquén,61.02,0.002464268112370771
20171,2017,1,Río Negro,46.03,-0.007760293166630738
20171,2017,1,Salta,32.58,-0.003364943407769938
20171,2017,1,San Juan,27.04,-0.009160864785635714
20171,2017,1,San Luis,9.55,-0.009336099585062207
20171,2017,1,Santa Cruz,26.52,-0.019593345656192307
20171,2017,1,Santa Fe,51.97,-0.004215366928530306
20171,2017,1,Santiago Del Estero,14.7,-0.024552090245520963
20171,2017,1,Tierra Del Fuego,68.92,-0.019769591807708764
20171,2017,1,Tucumán,37.9,-0.002106371774618143
20171,2017,1,La Rioja,16.2,-0.015795868772782606
20172,2017,2,Jujuy,22.4,-0.015817223198594133
20172,2017,2,Formosa,19.97,0.0065524193548387455
20172,2017,2,Entre Ríos,45.39,0.010688042752171167
20172,2017,2,Corrientes,31.39,0.014544279250161551
20172,2017,2,Buenos Aires,56.27,-0.039269250469523564
20172,2017,2,Chubut,35.55,-0.003084688726864848
20172,2017,2,Chaco,29.05,0.015024458420684894
20172,2017,2,Catamarca,25.98,0.01247077162899446
20172,2017,2,Capital Federal,124.06,0.14478176617144967
20172,2017,2,Córdoba,58.97,0.02289679098005215
20172,2017,2,La Pampa,63.49,0.013084410403702007
20172,2017,2,La Rioja,16.2,0.0
20172,2017,2,Misiones,30.09,0.019308943089430874
20172,2017,2,Mendoza,31.76,-0.002512562814070307
20172,2017,2,Tierra Del Fuego,68.46,-0.00667440510737094
20172,2017,2,Santiago Del Estero,14.12,-0.039455782312925125
20172,2017,2,Santa Fe,52.27,0.005772561092938222
20172,2017,2,Santa Cruz,26.25,-0.010180995475113086
20172,2017,2,Tucumán,38.19,0.007651715039577844
20172,2017,2,San Juan,26.96,-0.002958579881656709
20172,2017,2,San Luis,9.51,-0.004188481675392763
20172,2017,2,Neuquén,61.91,0.014585381842018963
20172,2017,2,Salta,32.74,0.0049109883364029105
20172,2017,2,Río Negro,46.02,-0.0002172496198131757
20173,2017,3,Entre Ríos,45.96,0.012557832121612655
20173,2017,3,Buenos Aires,55.63,-0.011373733783543671
20173,2017,3,Capital Federal,121.86,-0.017733354828308956
20173,2017,3,Catamarca,32.49,0.2505773672055427
20173,2017,3,Chaco,29.98,0.03201376936316702
20173,2017,3,Chubut,46.22,0.3001406469760901
20173,2017,3,Córdoba,62.31,0.0566389689672715
20173,2017,3,Corrientes,32.17,0.02484867792290535
20173,2017,3,Jujuy,22.65,0.01116071428571419
20173,2017,3,La Pampa,69.14,0.08899039218774618
20173,2017,3,La Rioja,51.47,2.1771604938271607
20173,2017,3,Formosa,21.35,0.06910365548322495
20173,2017,3,Misiones,30.21,0.003988035892322994
20173,2017,3,Tucumán,39.7,0.03953914637339628
20173,2017,3,Mendoza,35.7,0.12405541561712852
20173,2017,3,Santiago Del Estero,35.12,1.4872521246458925
20173,2017,3,Santa Fe,60.91,0.16529558063898975
20173,2017,3,Santa Cruz,33.29,0.2681904761904761
20173,2017,3,Tierra Del Fuego,65.74,-0.039731229915279
20173,2017,3,San Juan,32.37,0.20066765578635004
20173,2017,3,Salta,39.84,0.21686010995723892
20173,2017,3,Río Negro,48.52,0.05432420686657968
20173,2017,3,Neuquén,60.83,-0.01744467775803582
20173,2017,3,San Luis,15.48,0.6277602523659307
20174,2017,4,La Pampa,71.05,0.02762510847555677
20174,2017,4,Capital Federal,122.9,0.008534383719021932
20174,2017,4,Catamarca,28.62,-0.11911357340720219
20174,2017,4,Chaco,30.81,0.027685123415610358
20174,2017,4,Chubut,51.46,0.11337083513630475
20174,2017,4,Córdoba,63.33,0.016369764082811766
20174,2017,4,Corrientes,32.52,0.010879701585327917
20174,2017,4,Formosa,21.27,-0.0037470725995316645
20174,2017,4,Jujuy,22.74,0.003973509933774766
20174,2017,4,Buenos Aires,57.61,0.03559230630954513
20174,2017,4,Entre Ríos,47.89,0.04199303742384686
20174,2017,4,Misiones,31.14,0.030784508440913516
20174,2017,4,Mendoza,33.33,-0.06638655462184884
20174,2017,4,Tucumán,39.9,0.005037783375314797
20174,2017,4,Tierra Del Fuego,59.89,-0.08898691816245807
20174,2017,4,Santiago Del Estero,29.13,-0.17055808656036442
20174,2017,4,Santa Fe,61.71,0.013134132326383163
20174,2017,4,La Rioja,51.57,0.0019428793471925054
20174,2017,4,San Luis,10.59,-0.31589147286821706
20174,2017,4,San Juan,30.3,-0.06394810009267826
20174,2017,4,Salta,39.8,-0.0010040160642571516
20174,2017,4,Río Negro,49.38,0.017724649629018874
20174,2017,4,Santa Cruz,28.91,-0.13157104235506156
20174,2017,4,Neuquén,61.24,0.006740095347690378
20181,2018,1,Buenos Aires,62.63,0.08713764971359139
20181,2018,1,Capital Federal,106.24,-0.13555736371033367
20181,2018,1,Catamarca,32.79,0.1457023060796645
20181,2018,1,Chaco,30.83,0.0006491398896462108
20181,2018,1,Chubut,53.72,0.04391760590750082
20181,2018,1,Córdoba,63.52,0.00300015790304764
20181,2018,1,Corrientes,32.66,0.004305043050430335
20181,2018,1,Entre Ríos,48.68,0.0164961369805805
20181,2018,1,Jujuy,23.12,0.01671064204045747
20181,2018,1,La Pampa,71.75,0.009852216748768461
20181,2018,1,Formosa,21.4,0.00611189468735307
20181,2018,1,Misiones,30.96,-0.00578034682080919
20181,2018,1,Mendoza,37.07,0.11221122112211224
20181,2018,1,Tucumán,41.18,0.032080200501253264
20181,2018,1,Tierra Del Fuego,65.2,0.08866254800467521
20181,2018,1,Santiago Del Estero,34.99,0.20116718159972558
20181,2018,1,Santa Fe,62.28,0.00923675255226053
20181,2018,1,La Rioja,51.44,-0.0025208454527826385
20181,2018,1,San Luis,15.15,0.4305949008498584
20181,2018,1,San Juan,32.61,0.07623762376237608
20181,2018,1,Salta,39.78,-0.0005025125628139726
20181,2018,1,Río Negro,49.82,0.008910490076954103
20181,2018,1,Neuquén,61.52,0.004572175048987548
20181,2018,1,Santa Cruz,33.55,0.16049809754410238
20182,2018,2,Misiones,31.63,0.021640826873384977
20182,2018,2,Neuquén,60.24,-0.020806241872561748
20182,2018,2,Río Negro,50.15,0.006623845845042053
20182,2018,2,Salta,39.94,0.004022121669180478
20182,2018,2,San Juan,32.95,0.010426249616682037
20182,2018,2,Santa Fe,62.57,0.004656390494540696
20182,2018,2,Santa Cruz,33.33,-0.006557377049180246
20182,2018,2,Santiago Del Estero,35.26,0.007716490425835776
20182,2018,2,Tierra Del Fuego,91.61,0.40506134969325136
20182,2018,2,Mendoza,36.97,-0.0026975991367683694
20182,2018,2,San Luis,15.15,0.0
20182,2018,2,Tucumán,41.51,0.008013598834385682
20182,2018,2,La Rioja,50.98,-0.008942457231726264
20182,2018,2,Jujuy,23.43,0.013408304498269796
20182,2018,2,Buenos Aires,62.78,0.002395018361807333
20182,2018,2,Capital Federal,106.53,0.0027296686746989263
20182,2018,2,Catamarca,32.86,0.002134797194266458
20182,2018,2,Chaco,31.25,0.013623094388582668
20182,2018,2,La Pampa,71.04,-0.009895470383275207
20182,2018,2,Córdoba,63.27,-0.003935768261964734
20182,2018,2,Corrientes,33.81,0.03521126760563398
20182,2018,2,Entre Ríos,49.2,0.010682004930156141
20182,2018,2,Formosa,29.43,0.37523364485981325
20182,2018,2,Chubut,54.9,0.02196574832464626
20183,2018,3,Jujuy,23.26,-0.0072556551429789895
20183,2018,3,Buenos Aires,64.44,0.026441541892322284
20183,2018,3,Capital Federal,108.45,0.018023092086736137
20183,2018,3,Catamarca,32.92,0.0018259281801582539
20183,2018,3,Chaco,32.28,0.0329600000000001
20183,2018,3,Chubut,56.39,0.02714025500910755
20183,2018,3,Córdoba,64.24,0.015331120594278325
20183,2018,3,Corrientes,34.25,0.013013901212658885
20183,2018,3,Entre Ríos,50.22,0.02073170731707319
20183,2018,3,Formosa,29.58,0.0050968399592252744
20183,2018,3,La Pampa,71.75,0.009994369369369371
20183,2018,3,La Rioja,50.73,-0.004903883876029802
20183,2018,3,Mendoza,37.99,0.02758993778739538
20183,2018,3,Tierra Del Fuego,92.77,0.012662373103373037
20183,2018,3,Santiago Del Estero,36.25,0.028077141236528602
20183,2018,3,Santa Fe,63.41,0.013424964040274823
20183,2018,3,Santa Cruz,32.73,-0.018001800180018068
20183,2018,3,San Luis,52.35,2.4554455445544554
20183,2018,3,Tucumán,41.68,0.004095398699108799
20183,2018,3,Salta,39.43,-0.01276915373059584
20183,2018,3,Río Negro,50.54,0.007776669990029905
20183,2018,3,Neuquén,60.49,0.004150066401062524
20183,2018,3,Misiones,32.1,0.0148593107809043
20183,2018,3,San Juan,33.05,0.003034901365705389
20184,2018,4,Jujuy,46.53,1.0004299226139293
20184,2018,4,Buenos Aires,64.6,0.0024829298572315306
20184,2018,4,Capital Federal,108.27,-0.0016597510373445035
20184,2018,4,Catamarca,32.23,-0.020959902794653873
20184,2018,4,Chaco,32.59,0.009603469640644402
20184,2018,4,Chubut,42.61,-0.2443695690725306
20184,2018,4,Córdoba,65.09,0.013231631382316422
20184,2018,4,Corrientes,34.57,0.009343065693430574
20184,2018,4,Entre Ríos,54.37,0.08263639984070092
20184,2018,4,Formosa,29.74,0.005409060175794567
20184,2018,4,La Pampa,73.49,0.024250871080139236
20184,2018,4,Tucumán,41.76,0.0019193857965451588
20184,2018,4,Mendoza,37.76,-0.006054224795999041
20184,2018,4,Misiones,34.45,0.07320872274143309
20184,2018,4,Neuquén,59.07,-0.02347495453794013
20184,2018,4,Río Negro,51.86,0.02611792639493471
20184,2018,4,Salta,39.8,0.009383717981232609
20184,2018,4,San Juan,31.9,-0.03479576399394857
20184,2018,4,San Luis,67.55,0.2903533906399236
20184,2018,4,Santa Cruz,23.69,-0.2761992056217536
20184,2018,4,Santa Fe,65.59,0.03437943542028088
20184,2018,4,Santiago Del Estero,37.4,0.03172413793103446
20184,2018,4,Tierra Del Fuego,93.59,0.008839064352700321
20184,2018,4,La Rioja,50.35,-0.0074906367041197575
20191,2019,1,Formosa,29.68,-0.0020174848688634395
20191,2019,1,Entre Ríos,56.79,0.044509839985286126
20191,2019,1,Corrientes,35.13,0.016199016488284812
20191,2019,1,Córdoba,65.52,0.006606237517283731
20191,2019,1,Jujuy,46.41,-0.0025789813023856523
20191,2019,1,Chaco,32.64,0.0015342129487572187
20191,2019,1,Catamarca,32.19,-0.001241079739373263
20191,2019,1,Capital Federal,109.2,0.008589637018564744
20191,2019,1,Buenos Aires,66.24,0.025386996904024794
20191,2019,1,Chubut,43.0,0.009152781037315094
20191,2019,1,La Pampa,76.35,0.03891685943665801
20191,2019,1,Tucumán,41.63,-0.0031130268199233146
20191,2019,1,Mendoza,37.66,-0.0026483050847457834
20191,2019,1,Tierra Del Fuego,93.38,-0.002243829468960401
20191,2019,1,Santiago Del Estero,37.52,0.0032085561497328108
20191,2019,1,Santa Fe,66.97,0.021039792651318834
20191,2019,1,Santa Cruz,23.67,-0.0008442380751371159
20191,2019,1,San Luis,67.34,-0.0031088082901553626
20191,2019,1,La Rioja,50.18,-0.00337636544190667
20191,2019,1,Salta,40.1,0.007537688442211143
20191,2019,1,Río Negro,53.57,0.032973389895873506
20191,2019,1,Neuquén,58.88,-0.003216522769595387
20191,2019,1,Misiones,36.26,0.052539912917271225
20191,2019,1,San Juan,31.83,-0.0021943573667712046
20192,2019,2,La Pampa,77.08,0.009561231172233287
20192,2019,2,Capital Federal,110.55,0.012362637362637319
20192,2019,2,Catamarca,32.13,-0.0018639328984154657
20192,2019,2,Chaco,34.14,0.045955882352941124
20192,2019,2,Chubut,46.99,0.09279069767441861
20192,2019,2,Córdoba,68.07,0.03891941391941378
20192,2019,2,Corrientes,38.16,0.08625106746370603
20192,2019,2,Entre Ríos,57.48,0.012150026413100923
20192,2019,2,Formosa,30.42,0.024932614555256194
20192,2019,2,Jujuy,44.51,-0.04093945270415855
20192,2019,2,Buenos Aires,67.85,0.02430555555555558
20192,2019,2,La Rioja,48.7,-0.02949382223993613
20192,2019,2,Misiones,39.15,0.07970215113072254
20192,2019,2,Neuquén,63.08,0.07133152173913038
20192,2019,2,Río Negro,61.09,0.14037707672204602
20192,2019,2,Salta,41.89,0.044638403990024944
20192,2019,2,San Juan,35.6,0.11844172164624589
20192,2019,2,San Luis,81.79,0.2145827145827146
20192,2019,2,Santa Cruz,28.85,0.21884241656104764
20192,2019,2,Santa Fe,67.42,0.006719426608929435
20192,2019,2,Santiago Del Estero,52.79,0.40698294243070343
20192,2019,2,Tierra Del Fuego,94.8,0.01520668237309919
20192,2019,2,Tucumán,40.14,-0.03579149651693492
20192,2019,2,Mendoza,40.75,0.08204992033988323
20193,2019,3,Formosa,30.11,-0.010190664036818009
20193,2019,3,Entre Ríos,57.9,0.007306889352818313
20193,2019,3,Corrientes,38.49,0.008647798742138502
20193,2019,3,Córdoba,68.59,0.007639194946378769
20193,2019,3,Jujuy,44.32,-0.004268703662098305
20193,2019,3,Chaco,35.85,0.05008787346221433
20193,2019,3,Catamarca,30.88,-0.03890445066915671
20193,2019,3,Capital Federal,112.65,0.018995929443690773
20193,2019,3,Buenos Aires,69.36,0.02225497420781153
20193,2019,3,Chubut,47.57,0.012343051713130437
20193,2019,3,La Pampa,77.45,0.004800207576543869
20193,2019,3,Tucumán,39.49,-0.01619332336821122
20193,2019,3,Mendoza,40.74,-0.00024539877300611135
20193,2019,3,Tierra Del Fuego,96.46,0.01751054852320677
20193,2019,3,Santiago Del Estero,55.3,0.04754688387952255
20193,2019,3,Santa Fe,68.87,0.02150697122515588
20193,2019,3,Santa Cruz,35.63,0.2350086655112651
20193,2019,3,San Luis,85.23,0.042058931409707734
20193,2019,3,La Rioja,47.94,-0.015605749486653053
20193,2019,3,Salta,44.48,0.06182859871090951
20193,2019,3,Río Negro,63.42,0.03814044851857901
20193,2019,3,Neuquén,64.14,0.016804058338617756
20193,2019,3,Misiones,39.33,0.0045977011494253706
20193,2019,3,San Juan,37.06,0.04101123595505629
20194,2019,4,Buenos Aires,64.25,-0.07367358708189153
20194,2019,4,Capital Federal,106.25,-0.05681313803817134
20194,2019,4,Catamarca,36.44,0.18005181347150256
20194,2019,4,Chaco,36.84,0.02761506276150638
20194,2019,4,Chubut,51.15,0.07525751524069779
20194,2019,4,Córdoba,70.48,0.02755503717743113
20194,2019,4,Corrientes,38.77,0.007274616783580212
20194,2019,4,Entre Ríos,57.99,0.0015544041450776813
20194,2019,4,Jujuy,45.38,0.02391696750902539
20194,2019,4,La Pampa,76.92,-0.006843124596513928
20194,2019,4,Formosa,30.47,0.011956160743938904
20194,2019,4,Tucumán,47.65,0.20663459103570525
20194,2019,4,Mendoza,33.65,-0.1740304369170349
20194,2019,4,Tierra Del Fuego,79.7,-0.1737507775243623
20194,2019,4,Santiago Del Estero,42.92,-0.22386980108499088
20194,2019,4,Santa Fe,69.48,0.00885726731523162
20194,2019,4,Santa Cruz,36.71,0.030311535223126462
20194,2019,4,La Rioja,47.14,-0.016687526074259385
20194,2019,4,San Juan,32.85,-0.11359956826767403
20194,2019,4,Salta,50.35,0.1319694244604317
20194,2019,4,Río Negro,55.71,-0.1215704824976348
20194,2019,4,Neuquén,59.36,-0.07452447770502024
20194,2019,4,Misiones,39.79,0.011695906432748648
20194,2019,4,San Luis,74.92,-0.12096679572920332
20201,2020,1,Jujuy,46.67,0.028426619656236163
20201,2020,1,Formosa,30.23,-0.007876599934361628
20201,2020,1,Entre Ríos,56.12,-0.032246939127435814
20201,2020,1,Corrientes,38.73,-0.0010317255610009513
20201,2020,1,Chaco,37.48,0.017372421281215855
20201,2020,1,Chubut,51.27,0.002346041055718562
20201,2020,1,Catamarca,37.62,0.03238199780461026
20201,2020,1,Capital Federal,105.98,-0.002541176470588158
20201,2020,1,Buenos Aires,64.33,0.001245136186770468
20201,2020,1,Córdoba,70.69,0.002979568671963584
20201,2020,1,La Pampa,75.77,-0.014950598023921069
20201,2020,1,La Rioja,46.35,-0.016758591429783642
20201,2020,1,Misiones,39.02,-0.019351595878361327
20201,2020,1,Tucumán,47.85,0.0041972717733473885
20201,2020,1,Tierra Del Fuego,76.07,-0.04554579673776671
20201,2020,1,Santiago Del Estero,42.47,-0.010484622553588174
20201,2020,1,Santa Fe,69.52,0.0005757052389174788
20201,2020,1,Santa Cruz,35.97,-0.020157995096703907
20201,2020,1,Mendoza,33.14,-0.015156017830609159
20201,2020,1,San Juan,32.39,-0.014003044140030507
20201,2020,1,Salta,49.6,-0.014895729890764597
20201,2020,1,Río Negro,55.12,-0.010590558248070425
20201,2020,1,Neuquén,61.85,0.04194743935309986
20201,2020,1,San Luis,76.31,0.018553123331553678
20202,2020,2,La Pampa,76.1,0.004355285733139702
20202,2020,2,Capital Federal,106.41,0.004057369314965031
20202,2020,2,Catamarca,45.43,0.20760233918128668
20202,2020,2,Chaco,39.83,0.06270010672358595
20202,2020,2,Chubut,57.34,0.11839282231324355
20202,2020,2,Córdoba,72.71,0.02857547036355923
20202,2020,2,Corrientes,40.3,0.0405370513813581
20202,2020,2,Entre Ríos,56.54,0.007483962936564614
20202,2020,2,Formosa,31.14,0.030102547138604052
20202,2020,2,Jujuy,47.89,0.026140989929290814
20202,2020,2,Buenos Aires,65.22,0.013834913726099796
20202,2020,2,La Rioja,49.84,0.07529665587918011
20202,2020,2,Misiones,40.89,0.04792414146591484
20202,2020,2,Neuquén,63.9,0.03314470493128541
20202,2020,2,Río Negro,56.37,0.022677793904209098
20202,2020,2,Salta,51.58,0.039919354838709564
20202,2020,2,San Juan,35.09,0.08335906143871563
20202,2020,2,San Luis,78.41,0.027519329052548835
20202,2020,2,Santa Cruz,35.79,-0.005004170141784781
20202,2020,2,Santa Fe,70.0,0.0069044879171462625
20202,2020,2,Santiago Del Estero,43.47,0.023546032493524827
20202,2020,2,Tierra Del Fuego,76.37,0.003943736032601786
20202,2020,2,Tucumán,51.78,0.08213166144200623
20202,2020,2,Mendoza,36.25,0.09384429692214846
20203,2020,3,Formosa,31.91,0.024727039177906196
20203,2020,3,Entre Ríos,58.19,0.029182879377431803
20203,2020,3,Jujuy,54.04,0.12841929421591147
20203,2020,3,Corrientes,41.75,0.03598014888337486
20203,2020,3,Buenos Aires,67.66,0.03741183685985883
20203,2020,3,Chubut,68.34,0.1918381583536799
20203,2020,3,Chaco,41.54,0.04293246296761244
20203,2020,3,Catamarca,47.16,0.03808056350429223
20203,2020,3,Capital Federal,107.68,0.01193496851799658
20203,2020,3,Córdoba,75.22,0.034520698665933214
20203,2020,3,La Pampa,79.26,0.04152431011826563
20203,2020,3,Salta,52.32,0.014346645986816675
20203,2020,3,Mendoza,37.35,0.030344827586207046
20203,2020,3,Tucumán,53.23,0.02800308999613743
20203,2020,3,Tierra Del Fuego,76.81,0.005761424643184521
20203,2020,3,Santiago Del Estero,43.38,-0.0020703933747411307
20203,2020,3,Santa Fe,72.12,0.03028571428571425
20203,2020,3,Santa Cruz,35.95,0.004470522492316498
20203,2020,3,La Rioja,50.12,0.00561797752808979
20203,2020,3,San Juan,38.79,0.10544314619549722
20203,2020,3,Río Negro,57.05,0.012063154160014244
20203,2020,3,Neuquén,65.24,0.020970266040688523
20203,2020,3,Misiones,41.6,0.01736365859623379
20203,2020,3,San Luis,79.96,0.019767886749139096
20204,2020,4,Jujuy,53.46,-0.010732790525536662
20204,2020,4,Buenos Aires,68.98,0.019509311262193352
20204,2020,4,Capital Federal,108.31,0.005850668647845447
20204,2020,4,Catamarca,49.41,0.04770992366412208
20204,2020,4,Chaco,43.03,0.03586904188733753
20204,2020,4,Chubut,68.35,0.00014632718759122199
20204,2020,4,Córdoba,78.08,0.038021802712044694
20204,2020,4,Corrientes,42.43,0.016287425149700496
20204,2020,4,Entre Ríos,59.47,0.02199690668499743
20204,2020,4,Formosa,32.49,0.018176120338452062
20204,2020,4,La Pampa,81.77,0.03166792833711818
20204,2020,4,La Rioja,50.11,-0.0001995211492418214
20204,2020,4,Mendoza,38.63,0.03427041499330663
20204,2020,4,Tierra Del Fuego,76.27,-0.007030334591850096
20204,2020,4,Santiago Del Estero,43.75,0.008529276164130906
20204,2020,4,Santa Fe,73.58,0.02024403771491956
20204,2020,4,Santa Cruz,37.0,0.029207232267037364
20204,2020,4,San Luis,81.68,0.021510755377688984
20204,2020,4,Tucumán,54.78,0.029118917903437902
20204,2020,4,Salta,54.04,0.032874617737002954
20204,2020,4,Río Negro,61.09,0.07081507449605629
20204,2020,4,Neuquén,67.0,0.026977314530962637
20204,2020,4,Misiones,42.64,0.02499999999999991
20204,2020,4,San Juan,36.32,-0.0636762052075277
20211,2021,1,Jujuy,55.63,0.040591096146651795
20211,2021,1,Buenos Aires,69.11,0.0018846042331108759
20211,2021,1,Capital Federal,108.42,0.0010156033607238157
20211,2021,1,Catamarca,48.9,-0.01032179720704307
20211,2021,1,Chaco,43.14,0.0025563560306762767
20211,2021,1,Chubut,68.99,0.009363569861009502
20211,2021,1,Córdoba,78.59,0.006531762295082011
20211,2021,1,Corrientes,42.66,0.0054206929059625875
20211,2021,1,Entre Ríos,60.44,0.016310744913401676
20211,2021,1,Formosa,32.73,0.007386888273314796
20211,2021,1,La Pampa,81.78,0.00012229423994125632
20211,2021,1,La Rioja,49.81,-0.005986828976252134
20211,2021,1,Mendoza,39.15,0.013461040641987942
20211,2021,1,Tierra Del Fuego,77.35,0.014160220270093005
20211,2021,1,Santiago Del Estero,45.67,0.043885714285714306
20211,2021,1,Santa Fe,73.92,0.004620820875237852
20211,2021,1,Santa Cruz,41.65,0.1256756756756756
20211,2021,1,San Luis,81.24,-0.0053868756121451256
20211,2021,1,Tucumán,54.82,0.0007301935012777871
20211,2021,1,Salta,53.93,-0.002035529237601752
20211,2021,1,Río Negro,60.88,-0.00343755115403499
20211,2021,1,Neuquén,66.84,-0.002388059701492473
20211,2021,1,Misiones,43.17,0.012429643527204437
20211,2021,1,San Juan,39.06,0.07544052863436135
20212,2021,2,Jujuy,56.18,0.009886751752651302
20212,2021,2,Buenos Aires,70.0,0.012878020546954083
20212,2021,2,Capital Federal,110.14,0.015864231691569808
20212,2021,2,Catamarca,52.34,0.07034764826175888
20212,2021,2,Chaco,43.33,0.004404265183124645
20212,2021,2,Chubut,72.29,0.04783301927815642
20212,2021,2,Córdoba,80.12,0.01946812571573986
20212,2021,2,Corrientes,43.54,0.020628223159868897
20212,2021,2,Entre Ríos,61.66,0.020185307743216363
20212,2021,2,Formosa,33.23,0.0152765047357164
20212,2021,2,La Pampa,82.08,0.003668378576669129
20212,2021,2,La Rioja,76.98,0.5454727966271833
20212,2021,2,Mendoza,40.97,0.0464878671775224
20212,2021,2,Misiones,45.01,0.0426221913365763
20212,2021,2,Neuquén,69.14,0.03441053261520044
20212,2021,2,Río Negro,61.94,0.01741130091984222
20212,2021,2,Salta,54.93,0.018542555164101637
20212,2021,2,San Juan,39.28,0.005632360471070186
20212,2021,2,San Luis,83.48,0.027572624322993677
20212,2021,2,Santa Cruz,44.01,0.05666266506602646
20212,2021,2,Santa Fe,75.07,0.015557359307359242
20212,2021,2,Santiago Del Estero,46.56,0.019487628640245225
20212,2021,2,Tierra Del Fuego,67.89,-0.12230122818358102
20212,2021,2,Tucumán,54.93,0.0020065669463700253
20213,2021,3,Jujuy,55.69,-0.008721965112139629
20213,2021,3,Formosa,33.96,0.02196810111345182
20213,2021,3,Entre Ríos,62.18,0.008433344145313049
20213,2021,3,Corrientes,44.9,0.031235645383555388
20213,2021,3,Buenos Aires,71.68,0.02400000000000002
20213,2021,3,Chaco,42.96,-0.008539118393722567
20213,2021,3,Catamarca,52.71,0.007069163163928138
20213,2021,3,Capital Federal,111.27,0.010259669511530678
20213,2021,3,La Pampa,84.28,0.026803118908382162
20213,2021,3,Chubut,80.71,0.11647530778807558
20213,2021,3,La Rioja,77.26,0.003637308391789995
20213,2021,3,Córdoba,81.28,0.014478282576135815
20213,2021,3,Misiones,45.57,0.012441679626749691
20213,2021,3,Tucumán,54.64,-0.005279446568359769
20213,2021,3,Tierra Del Fuego,94.95,0.3985859478568272
20213,2021,3,Santiago Del Estero,47.0,0.009450171821305808
20213,2021,3,Santa Fe,75.02,-0.0006660450246436245
20213,2021,3,Santa Cruz,43.75,-0.005907748239036503
20213,2021,3,Mendoza,45.55,0.11178911398584335
20213,2021,3,San Juan,39.46,0.0045824847250508505
20213,2021,3,Salta,55.96,0.01875113781176041
20213,2021,3,Río Negro,61.97,0.00048433968356476065
20213,2021,3,Neuquén,69.71,0.008244142319930425
20213,2021,3,San Luis,79.87,-0.04324389075227597
20214,2021,4,Jujuy,56.92,0.02208655054767461
20214,2021,4,Buenos Aires,75.66,0.05552455357142838
20214,2021,4,Capital Federal,111.27,0.0
20214,2021,4,Catamarca,55.25,0.04818819958262188
20214,2021,4,Chaco,44.05,0.025372439478584585
20214,2021,4,Chubut,82.57,0.023045471440961363
20214,2021,4,Córdoba,84.51,0.039739173228346525
20214,2021,4,Corrientes,45.51,0.01358574610244978
20214,2021,4,Entre Ríos,63.16,0.01576069475715669
20214,2021,4,Formosa,34.45,0.014428739693757464
20214,2021,4,La Pampa,89.57,0.06276696725201703
20214,2021,4,La Rioja,77.92,0.00854258348433845
20214,2021,4,Mendoza,47.51,0.043029637760702455
20214,2021,4,Misiones,49.06,0.0765854728988371
20214,2021,4,Neuquén,73.3,0.05149906756562905
20214,2021,4,Río Negro,65.69,0.06002904631273198
20214,2021,4,Salta,56.81,0.015189421015010751
20214,2021,4,San Juan,39.59,0.003294475418144982
20214,2021,4,San Luis,80.3,0.005383748591460957
20214,2021,4,Santa Cruz,43.05,-0.016000000000000014
20214,2021,4,Santa Fe,77.09,0.027592641962143505
20214,2021,4,Santiago Del Estero,47.05,0.0010638297872340718
20214,2021,4,Tierra Del Fuego,98.4,0.03633491311216441
20214,2021,4,Tucumán,55.93,0.023609077598828687
20221,2022,1,Jujuy,58.06,0.02002810962754742
20221,2022,1,Formosa,34.96,0.014804063860667682
20221,2022,1,Entre Ríos,63.7,0.008549715009499748
20221,2022,1,Corrientes,47.64,0.0468029004614372
20221,2022,1,Buenos Aires,76.08,0.0055511498810467685
20221,2022,1,Chaco,44.06,0.00022701475595932052
20221,2022,1,Catamarca,58.21,0.05357466063348415
20221,2022,1,Capital Federal,111.8,0.004763188640244387
20221,2022,1,La Pampa,91.66,0.02333370548174618
20221,2022,1,Chubut,88.05,0.06636793024100762
20221,2022,1,La Rioja,78.77,0.010908624229979402
20221,2022,1,Córdoba,85.76,0.014791148976452506
20221,2022,1,Misiones,49.04,-0.00040766408479420146
20221,2022,1,Neuquén,74.17,0.011869031377899075
20221,2022,1,Río Negro,67.04,0.020551073222712768
20221,2022,1,Salta,56.11,-0.01232177433550441
20221,2022,1,San Juan,43.55,0.10002525890376335
20221,2022,1,San Luis,80.72,0.00523038605230397
20221,2022,1,Santa Cruz,43.34,0.006736353077816615
20221,2022,1,Santa Fe,77.3,0.002724088727461327
20221,2022,1,Santiago Del Estero,47.17,0.0025504782146652527
20221,2022,1,Tierra Del Fuego,98.29,-0.001117886178861771
20221,2022,1,Tucumán,57.39,0.02610405864473453
20221,2022,1,Mendoza,48.74,0.02588928646600719
20222,2022,2,Jujuy,57.32,-0.01274543575611442
20222,2022,2,Formosa,43.42,0.24199084668192228
20222,2022,2,Entre Ríos,63.9,0.0031397174254317317
20222,2022,2,Corrientes,48.35,0.014903442485306506
20222,2022,2,Buenos Aires,77.58,0.01971608832807581
20222,2022,2,Chaco,43.79,-0.006128007262823476
20222,2022,2,Catamarca,62.4,0.07198075931970438
20222,2022,2,Capital Federal,121.31,0.08506261180679786
20222,2022,2,La Pampa,92.98,0.014401047348898244
20222,2022,2,Chubut,83.19,-0.05519591141396929
20222,2022,2,La Rioja,80.14,0.01739240827726296
20222,2022,2,Córdoba,87.48,0.020055970149253755
20222,2022,2,Misiones,51.0,0.039967373572593834
20222,2022,2,Neuquén,80.02,0.07887285964675739
20222,2022,2,Río Negro,67.85,0.012082338902147827
20222,2022,2,Salta,57.54,0.025485653181251067
20222,2022,2,San Juan,49.46,0.1357060849598164
20222,2022,2,San Luis,81.76,0.01288404360753237
20222,2022,2,Santa Cruz,43.15,-0.004383940932164432
20222,2022,2,Santa Fe,77.9,0.0077619663648125226
20222,2022,2,Santiago Del Estero,47.7,0.011235955056179803
20222,2022,2,Tierra Del Fuego,99.86,0.015973140706073696
20222,2022,2,Tucumán,59.31,0.03345530580240452
20222,2022,2,Mendoza,49.39,0.013336068937217949
20223,2022,3,Jujuy,58.91,0.027739009071877208
20223,2022,3,Formosa,43.76,0.007830492860432914
20223,2022,3,Entre Ríos,63.67,-0.0035993740219091297
20223,2022,3,Corrientes,48.21,-0.002895553257497463
20223,2022,3,Capital Federal,122.28,0.00799604319512004
20223,2022,3,Chubut,84.38,0.014304603918740222
20223,2022,3,Chaco,43.86,0.0015985384791048496
20223,2022,3,Catamarca,65.33,0.04695512820512815
20223,2022,3,La Pampa,96.59,0.038825553882555486
20223,2022,3,Córdoba,88.31,0.009487882944672954
20223,2022,3,La Rioja,80.66,0.006488644871474936
20223,2022,3,San Juan,50.8,0.02709260008087333
20223,2022,3,Misiones,51.82,0.01607843137254905
20223,2022,3,Neuquén,80.37,0.00437390652336922
20223,2022,3,Río Negro,67.98,0.0019159911569639476
20223,2022,3,Salta,57.76,0.003823427181091299
20223,2022,3,San Luis,81.74,-0.0002446183953034309
20223,2022,3,Santa Cruz,43.19,0.0009269988412514696
20223,2022,3,Santa Fe,78.55,0.00834403080872903
20223,2022,3,Santiago Del Estero,47.98,0.005870020964360512
20223,2022,3,Tierra Del Fuego,99.51,-0.0035049068696173524
20223,2022,3,Tucumán,61.14,0.030854830551340306
20223,2022,3,Mendoza,51.03,0.03320510224741846
20223,2022,3,Buenos Aires,78.11,0.006831657643722622
